,Hora de saida,Preço,Produto,Hora de chegada,Cartão,Espécie,Quantidade,Compra,Periodo
0,2021-07-02,953,Arara Azul em Madeira,2021-11-13,,1.0,3,2859,134
1,2021-05-01,60,Beatas,2021-04-19,1.0,1.0,9,540,12
2,2021-04-24,48,Assadeira de Barro,2021-06-01,1.0,1.0,1,48,38
3,2021-12-14,682,Beatas,2021-06-21,1.0,1.0,8,5456,176
4,2021-07-09,646,Beatas,2021-01-28,,,7,4522,162
5,2021-05-17,428,Banco de Madeira de Onça,2021-03-24,,,5,2140,54
6,2021-06-05,2,Fruteira com 4 Carrancas,2021-04-30,,1.0,1,2,36
7,2021-05-09,512,Beatas,2021-05-11,,1.0,2,1024,2
8,2021-09-04,16,Banco de Madeira de Tatu,2021-08-02,1.0,,4,64,33
9,2021-09-10,90,Almofada de Tricô,2021-10-11,1.0,,5,450,31
10,2021-07-19,213,Almofada de Tricô,2021-12-25,1.0,1.0,9,1917,159
11,2021-09-23,839,Beatas,2021-09-08,1.0,,3,2517,15
12,2021-07-28,9,Peneira de Palha,2021-11-08,,1.0,1,9,103
13,2021-08-18,0,Assadeira de Barro,2021-02-01,,1.0,7,0,198
14,2021-11-22,412,Assadeira de Barro,2021-06-20,,1.0,7,2884,155
15,2021-02-21,750,Banco de Madeira de Onça,2021-03-19,1.0,,1,750,26
16,2021-06-10,111,Peneira de Palha,2021-01-15,1.0,,6,666,146
17,2021-04-10,540,Cabeça em Cerâmica,2021-04-03,1.0,,1,540,7
18,2021-12-22,84,Peneira de Palha,2021-12-31,,1.0,8,672,9
19,2021-05-09,271,Banco de Madeira de Tatu,2021-02-08,,1.0,2,542,90
20,2021-11-15,158,Assadeira de Barro,2021-05-25,,1.0,5,790,174
21,2021-12-30,5,Peneira de Palha,2021-02-22,1.0,1.0,3,15,311
22,2021-08-09,481,Banco de Madeira de Onça,2021-09-22,1.0,,1,481,44
23,2021-07-20,139,Banco de Madeira de Onça,2021-05-11,,1.0,5,695,70
24,2021-05-29,0,Banco de Madeira de Onça,2021-02-23,,1.0,6,0,95
25,2021-09-12,502,Peneira de Palha,2021-10-18,1.0,,6,3012,36
26,2021-12-24,0,Cabeça em Cerâmica,2021-03-05,,,8,0,294
27,2021-06-30,345,Beatas,2021-10-16,,1.0,9,3105,108
28,2021-07-22,287,Banco de Madeira de Tatu,2021-04-01,1.0,,9,2583,112
29,2021-04-18,611,Assadeira de Barro,2021-10-30,1.0,,6,3666,195
30,2021-07-19,530,Beatas,2021-07-30,,,5,2650,11
31,2021-12-23,979,Banco de Madeira de Onça,2021-05-30,1.0,1.0,4,3916,207
32,2021-09-12,9,Cabeça em Cerâmica,2021-02-07,,1.0,4,36,217
33,2021-05-25,757,Almofada de Tricô,2021-07-20,,1.0,9,6813,56
34,2021-08-20,727,Assadeira de Barro,2021-07-23,,1.0,6,4362,28
35,2021-04-21,124,Assadeira de Barro,2021-03-19,1.0,1.0,9,1116,33
36,2021-06-10,595,Arara Azul em Madeira,2021-04-21,,,1,595,50
37,2021-06-27,27,Assadeira de Barro,2021-02-23,1.0,1.0,4,108,124
38,2021-03-30,975,Banco de Madeira de Tatu,2021-02-03,,,3,2925,55
39,2021-07-31,600,Assadeira de Barro,2021-07-03,,1.0,7,4200,28
40,2021-03-08,532,Cabeça em Cerâmica,2021-12-05,,1.0,3,1596,272
41,2021-07-29,147,Almofada de Tricô,2021-03-10,,,2,294,141
42,2021-10-05,135,Fruteira com 4 Carrancas,2021-05-25,,,6,810,133
43,2021-11-17,496,Assadeira de Barro,2021-03-06,,1.0,3,1488,256
44,2021-06-27,434,Fruteira com 4 Carrancas,2021-02-19,1.0,,7,3038,128
45,2021-04-05,32,Almofada de Tricô,2021-07-26,,1.0,3,96,112
46,2021-07-25,290,Assadeira de Barro,2021-04-15,1.0,1.0,1,290,101
47,2021-06-22,198,Peneira de Palha,2021-11-12,,,5,990,143
48,2021-03-22,157,Cabeça em Cerâmica,2021-08-07,1.0,,6,942,138
49,2021-07-16,182,Fruteira com 4 Carrancas,2021-08-20,1.0,1.0,4,728,35
50,2021-08-08,476,Almofada de Tricô,2021-01-21,1.0,1.0,1,476,199
51,2021-09-01,350,Cabeça em Cerâmica,2021-12-22,1.0,,1,350,112
52,2021-05-04,601,Almofada de Tricô,2021-07-08,1.0,,6,3606,65
53,2021-10-17,96,Banco de Madeira de Onça,2021-04-27,,1.0,8,768,173
54,2021-09-15,499,Banco de Madeira de Tatu,2021-05-19,,1.0,8,3992,119
55,2021-10-29,1,Peneira de Palha,2021-09-13,,1.0,7,7,46
56,2021-03-24,484,Arara Azul em Madeira,2021-05-30,1.0,1.0,7,3388,67
57,2021-05-07,776,Beatas,2021-08-07,1.0,,2,1552,92
58,2021-06-20,896,Beatas,2021-03-17,1.0,1.0,1,896,95
59,2021-10-08,341,Peneira de Palha,2021-02-14,,1.0,1,341,236
60,2021-03-13,748,Banco de Madeira de Onça,2021-01-05,1.0,,8,5984,67
61,2021-12-16,276,Beatas,2021-04-24,,,1,276,236
62,2021-10-07,824,Peneira de Palha,2021-07-08,1.0,,1,824,91
63,2021-07-30,25,Assadeira de Barro,2021-10-26,,1.0,1,25,88
64,2021-08-27,20,Peneira de Palha,2021-06-19,,1.0,5,100,69
65,2021-08-16,383,Assadeira de Barro,2021-04-28,1.0,1.0,4,1532,110
66,2021-04-15,596,Banco de Madeira de Tatu,2021-07-25,1.0,1.0,7,4172,101
67,2021-12-13,610,Banco de Madeira de Onça,2021-05-03,,,9,5490,224
68,2021-08-26,828,Banco de Madeira de Tatu,2021-07-23,1.0,,5,4140,34
69,2021-05-31,0,Beatas,2021-05-29,,,6,0,2
70,2021-10-16,341,Assadeira de Barro,2021-04-01,,1.0,8,2728,198
71,2021-11-12,289,Peneira de Palha,2021-03-10,,,1,289,247
72,2021-01-16,313,Peneira de Palha,2021-12-29,,1.0,9,2817,347
73,2021-12-01,367,Beatas,2021-11-22,1.0,1.0,1,367,9
74,2021-01-24,436,Fruteira com 4 Carrancas,2021-07-22,,,4,1744,179
75,2021-05-23,66,Fruteira com 4 Carrancas,2021-07-01,1.0,,9,594,39
76,2021-05-01,234,Assadeira de Barro,2021-01-14,,,8,1872,107
77,2021-12-18,916,Beatas,2021-10-23,,,4,3664,56
78,2021-02-14,251,Cabeça em Cerâmica,2021-06-09,,1.0,4,1004,115
79,2021-09-22,812,Peneira de Palha,2021-12-13,1.0,1.0,2,1624,82
80,2021-01-12,6,Peneira de Palha,2021-01-18,,,2,12,6
81,2021-03-20,98,Arara Azul em Madeira,2021-02-18,1.0,,8,784,30
82,2021-03-17,8,Arara Azul em Madeira,2021-12-02,1.0,,5,40,260
83,2021-04-14,992,Banco de Madeira de Tatu,2021-11-20,,1.0,1,992,220
84,2021-09-26,155,Cabeça em Cerâmica,2021-01-31,1.0,1.0,2,310,238
85,2021-02-04,661,Arara Azul em Madeira,2021-02-06,1.0,1.0,7,4627,2
86,2021-04-26,452,Peneira de Palha,2021-05-30,1.0,,7,3164,34
87,2021-06-24,207,Cabeça em Cerâmica,2021-08-10,1.0,1.0,7,1449,47
88,2021-03-11,820,Fruteira com 4 Carrancas,2021-07-25,1.0,,1,820,136
89,2021-04-23,82,Peneira de Palha,2021-06-20,1.0,,3,246,58
90,2021-05-23,77,Fruteira com 4 Carrancas,2021-06-08,1.0,,4,308,16
91,2021-02-04,903,Banco de Madeira de Tatu,2021-10-02,,1.0,3,2709,240
92,2021-08-29,701,Fruteira com 4 Carrancas,2021-10-18,,,8,5608,50
93,2021-10-29,837,Assadeira de Barro,2021-07-21,1.0,1.0,1,837,100
94,2021-10-17,148,Beatas,2021-06-12,,,6,888,127
95,2021-02-12,713,Peneira de Palha,2021-08-23,,,8,5704,192
96,2021-08-13,18,Peneira de Palha,2021-03-13,1.0,1.0,9,162,153
97,2021-10-27,32,Fruteira com 4 Carrancas,2021-02-18,1.0,,1,32,251
98,2021-05-24,410,Arara Azul em Madeira,2021-12-18,,,8,3280,208
99,2021-09-25,6,Beatas,2021-05-04,,,4,24,144
100,2021-04-01,57,Assadeira de Barro,2021-05-25,1.0,1.0,8,456,54
101,2021-09-07,268,Arara Azul em Madeira,2021-02-01,1.0,,2,536,218
102,2021-02-21,4,Fruteira com 4 Carrancas,2021-05-29,1.0,1.0,9,36,97
103,2021-05-20,200,Banco de Madeira de Onça,2021-10-10,,1.0,1,200,143
104,2021-08-08,446,Cabeça em Cerâmica,2021-07-29,1.0,1.0,4,1784,10
105,2021-01-13,841,Banco de Madeira de Tatu,2021-12-31,1.0,,5,4205,352
106,2021-05-25,385,Assadeira de Barro,2021-08-16,,,9,3465,83
107,2021-06-11,143,Fruteira com 4 Carrancas,2021-05-03,1.0,,3,429,39
108,2021-09-02,528,Fruteira com 4 Carrancas,2021-09-18,,,8,4224,16
109,2021-09-12,21,Beatas,2021-04-02,,,3,63,163
110,2021-05-28,3,Assadeira de Barro,2021-03-05,,1.0,3,9,84
111,2021-08-18,69,Peneira de Palha,2021-05-25,1.0,,2,138,85
112,2021-06-21,724,Fruteira com 4 Carrancas,2021-03-23,,,4,2896,90
113,2021-02-08,4,Cabeça em Cerâmica,2021-07-18,,1.0,6,24,160
114,2021-09-13,369,Peneira de Palha,2021-08-13,,1.0,6,2214,31
115,2021-09-29,3,Peneira de Palha,2021-07-31,,1.0,5,15,60
116,2021-06-22,237,Cabeça em Cerâmica,2021-05-04,1.0,,6,1422,49
117,2021-05-18,927,Arara Azul em Madeira,2021-06-30,1.0,1.0,7,6489,43
118,2021-01-25,3,Fruteira com 4 Carrancas,2021-01-16,1.0,,9,27,9
119,2021-05-29,202,Banco de Madeira de Onça,2021-12-20,,1.0,5,1010,205
120,2021-11-24,100,Peneira de Palha,2021-03-20,1.0,,3,300,249
121,2021-08-31,570,Almofada de Tricô,2021-02-19,1.0,,3,1710,193
122,2021-07-13,1,Assadeira de Barro,2021-10-13,1.0,1.0,7,7,92
123,2021-03-10,858,Assadeira de Barro,2021-05-20,,1.0,1,858,71
124,2021-03-18,0,Assadeira de Barro,2021-07-30,,1.0,1,0,134
125,2021-05-27,169,Almofada de Tricô,2021-10-28,1.0,,9,1521,154
126,2021-04-18,425,Peneira de Palha,2021-03-08,1.0,,7,2975,41
127,2021-08-04,455,Beatas,2021-11-05,1.0,1.0,5,2275,93
128,2021-05-25,688,Fruteira com 4 Carrancas,2021-01-06,,1.0,1,688,139
129,2021-11-16,851,Banco de Madeira de Onça,2021-10-28,,,4,3404,19
130,2021-12-13,6,Arara Azul em Madeira,2021-10-15,,,4,24,59
131,2021-03-12,800,Cabeça em Cerâmica,2021-09-29,1.0,1.0,1,800,201
132,2021-09-12,822,Peneira de Palha,2021-04-18,1.0,,8,6576,147
133,2021-01-18,310,Peneira de Palha,2021-12-23,1.0,1.0,1,310,339
134,2021-12-12,367,Arara Azul em Madeira,2021-09-19,,,1,367,84
135,2021-03-27,9,Peneira de Palha,2021-03-20,,,5,45,7
136,2021-09-11,526,Fruteira com 4 Carrancas,2021-08-18,1.0,1.0,6,3156,24
137,2021-06-19,4,Cabeça em Cerâmica,2021-12-11,1.0,1.0,8,32,175
138,2021-08-09,40,Beatas,2021-09-22,,,6,240,44
139,2021-06-27,58,Arara Azul em Madeira,2021-01-23,1.0,,1,58,155
140,2021-06-28,213,Arara Azul em Madeira,2021-02-28,,,6,1278,120
141,2021-11-12,49,Banco de Madeira de Onça,2021-02-18,,,7,343,267
142,2021-10-07,468,Arara Azul em Madeira,2021-03-20,1.0,,9,4212,201
143,2021-09-18,229,Beatas,2021-06-18,,1.0,5,1145,92
144,2021-01-07,777,Fruteira com 4 Carrancas,2021-03-23,,,8,6216,75
145,2021-11-23,358,Assadeira de Barro,2021-07-29,,1.0,1,358,117
146,2021-06-11,694,Fruteira com 4 Carrancas,2021-09-04,,,7,4858,85
147,2021-10-16,585,Assadeira de Barro,2021-08-01,1.0,,1,585,76
148,2021-07-28,139,Beatas,2021-12-06,,,4,556,131
149,2021-06-15,532,Beatas,2021-05-06,1.0,1.0,6,3192,40
150,2021-11-12,6,Cabeça em Cerâmica,2021-08-05,1.0,,6,36,99
151,2021-06-23,910,Beatas,2021-08-26,1.0,1.0,7,6370,64
152,2021-03-11,754,Banco de Madeira de Tatu,2021-11-09,1.0,1.0,1,754,243
153,2021-01-10,60,Fruteira com 4 Carrancas,2021-11-18,1.0,1.0,1,60,312
154,2021-04-30,88,Banco de Madeira de Onça,2021-12-17,1.0,,2,176,231
155,2021-06-27,89,Peneira de Palha,2021-04-16,1.0,1.0,4,356,72
156,2021-07-03,756,Almofada de Tricô,2021-12-04,1.0,1.0,3,2268,154
157,2021-09-10,163,Banco de Madeira de Onça,2021-11-24,,1.0,6,978,75
158,2021-04-12,654,Banco de Madeira de Onça,2021-01-04,1.0,1.0,3,1962,98
159,2021-12-26,188,Assadeira de Barro,2021-09-02,,,3,564,115
160,2021-03-09,703,Assadeira de Barro,2021-04-17,1.0,,5,3515,39
161,2021-05-03,601,Arara Azul em Madeira,2021-07-22,,1.0,7,4207,80
162,2021-02-10,538,Assadeira de Barro,2021-03-16,1.0,,7,3766,34
163,2021-04-04,40,Beatas,2021-10-14,1.0,1.0,2,80,193
164,2021-04-30,241,Arara Azul em Madeira,2021-11-09,1.0,,7,1687,193
165,2021-01-13,786,Almofada de Tricô,2021-07-30,,,1,786,198
166,2021-08-16,74,Beatas,2021-03-30,1.0,1.0,7,518,139
167,2021-05-14,38,Banco de Madeira de Tatu,2021-11-29,1.0,,4,152,199
168,2021-10-26,877,Beatas,2021-01-27,1.0,,3,2631,272
169,2021-07-14,424,Banco de Madeira de Tatu,2021-03-06,1.0,,1,424,130
170,2021-11-01,41,Beatas,2021-08-12,1.0,,9,369,81
171,2021-10-22,34,Cabeça em Cerâmica,2021-08-19,1.0,1.0,4,136,64
172,2021-09-20,52,Cabeça em Cerâmica,2021-12-06,1.0,,1,52,77
173,2021-12-03,108,Banco de Madeira de Tatu,2021-10-19,1.0,,8,864,45
174,2021-09-10,41,Fruteira com 4 Carrancas,2021-12-11,1.0,,3,123,92
175,2021-06-03,458,Fruteira com 4 Carrancas,2021-01-31,,1.0,1,458,123
176,2021-12-22,105,Cabeça em Cerâmica,2021-12-04,1.0,1.0,9,945,18
177,2021-01-12,359,Banco de Madeira de Tatu,2021-01-07,,,8,2872,5
178,2021-07-17,10,Peneira de Palha,2021-04-28,,1.0,4,40,80
179,2021-02-15,631,Banco de Madeira de Tatu,2021-05-10,,1.0,4,2524,84
180,2021-06-15,997,Banco de Madeira de Onça,2021-02-22,1.0,,2,1994,113
181,2021-07-09,866,Almofada de Tricô,2021-09-10,1.0,1.0,7,6062,63
182,2021-08-13,391,Arara Azul em Madeira,2021-08-02,1.0,1.0,8,3128,11
183,2021-10-03,7,Banco de Madeira de Tatu,2021-09-12,1.0,1.0,1,7,21
184,2021-09-21,854,Assadeira de Barro,2021-07-06,,,7,5978,77
185,2021-01-29,913,Beatas,2021-09-05,1.0,1.0,9,8217,219
186,2021-01-13,878,Assadeira de Barro,2021-02-12,,,5,4390,30
187,2021-03-06,807,Banco de Madeira de Onça,2021-03-12,1.0,,8,6456,6
188,2021-01-28,4,Assadeira de Barro,2021-07-05,,1.0,2,8,158
189,2021-01-22,673,Banco de Madeira de Tatu,2021-08-15,,1.0,4,2692,205
190,2021-02-08,567,Almofada de Tricô,2021-12-05,1.0,,5,2835,300
191,2021-05-13,51,Assadeira de Barro,2021-01-21,1.0,1.0,4,204,112
192,2021-07-03,373,Cabeça em Cerâmica,2021-01-17,,,9,3357,167
193,2021-06-15,206,Arara Azul em Madeira,2021-01-21,,,7,1442,145
194,2021-12-05,871,Beatas,2021-03-23,1.0,,1,871,257
195,2021-04-08,797,Peneira de Palha,2021-04-04,1.0,1.0,1,797,4
196,2021-09-27,159,Peneira de Palha,2021-08-16,1.0,1.0,3,477,42
197,2021-09-17,917,Arara Azul em Madeira,2021-11-04,1.0,1.0,8,7336,48
198,2021-11-23,7,Banco de Madeira de Tatu,2021-12-23,,,1,7,30
199,2021-07-24,333,Peneira de Palha,2021-12-30,1.0,,1,333,159
200,2021-01-26,388,Almofada de Tricô,2021-05-02,1.0,1.0,1,388,96
201,2021-12-20,156,Almofada de Tricô,2021-05-30,1.0,,7,1092,204
202,2021-02-25,325,Assadeira de Barro,2021-10-11,1.0,,7,2275,228
203,2021-01-30,83,Assadeira de Barro,2021-11-21,1.0,,4,332,295
204,2021-08-13,61,Fruteira com 4 Carrancas,2021-11-14,1.0,,4,244,93
205,2021-08-21,3,Almofada de Tricô,2021-01-29,,1.0,5,15,204
206,2021-12-02,4,Cabeça em Cerâmica,2021-07-22,1.0,1.0,5,20,133
207,2021-01-01,444,Fruteira com 4 Carrancas,2021-03-03,,1.0,5,2220,61
208,2021-09-11,796,Almofada de Tricô,2021-12-19,,1.0,7,5572,99
209,2021-09-04,809,Beatas,2021-02-05,1.0,,3,2427,211
210,2021-06-07,678,Cabeça em Cerâmica,2021-11-29,1.0,1.0,5,3390,175
211,2021-09-29,9,Beatas,2021-04-05,,,7,63,177
212,2021-04-01,730,Banco de Madeira de Tatu,2021-07-18,,1.0,6,4380,108
213,2021-10-16,750,Fruteira com 4 Carrancas,2021-08-31,,1.0,5,3750,46
214,2021-04-10,5,Cabeça em Cerâmica,2021-12-21,,,2,10,255
215,2021-12-07,3,Cabeça em Cerâmica,2021-01-22,1.0,,9,27,319
216,2021-06-28,548,Peneira de Palha,2021-02-06,1.0,,1,548,142
217,2021-12-17,392,Almofada de Tricô,2021-07-27,1.0,,3,1176,143
218,2021-09-10,218,Beatas,2021-05-23,,1.0,1,218,110
219,2021-02-06,849,Peneira de Palha,2021-02-20,1.0,1.0,2,1698,14
220,2021-07-16,833,Banco de Madeira de Tatu,2021-08-14,1.0,,1,833,29
221,2021-04-22,974,Arara Azul em Madeira,2021-09-03,1.0,1.0,1,974,134
222,2021-10-11,6,Beatas,2021-11-28,,,2,12,48
223,2021-11-27,130,Banco de Madeira de Tatu,2021-12-27,,,9,1170,30
224,2021-09-20,929,Cabeça em Cerâmica,2021-07-01,1.0,,8,7432,81
225,2021-12-19,26,Peneira de Palha,2021-05-15,1.0,,4,104,218
226,2021-08-05,9,Peneira de Palha,2021-01-26,1.0,,7,63,191
227,2021-01-19,4,Cabeça em Cerâmica,2021-08-11,1.0,,5,20,204
228,2021-06-05,303,Fruteira com 4 Carrancas,2021-09-24,1.0,1.0,3,909,111
229,2021-11-21,50,Peneira de Palha,2021-02-23,1.0,1.0,2,100,271
230,2021-10-16,103,Banco de Madeira de Tatu,2021-11-05,,1.0,8,824,20
231,2021-09-26,991,Arara Azul em Madeira,2021-03-28,1.0,1.0,3,2973,182
232,2021-05-03,31,Banco de Madeira de Tatu,2021-03-05,,1.0,8,248,59
233,2021-03-01,5,Banco de Madeira de Onça,2021-10-08,,,6,30,221
234,2021-09-14,923,Assadeira de Barro,2021-05-21,1.0,,5,4615,116
235,2021-03-18,909,Arara Azul em Madeira,2021-06-10,1.0,,6,5454,84
236,2021-10-09,213,Peneira de Palha,2021-09-30,1.0,1.0,4,852,9
237,2021-02-01,857,Banco de Madeira de Onça,2021-06-17,1.0,1.0,4,3428,136
238,2021-08-12,183,Assadeira de Barro,2021-03-27,1.0,,5,915,138
239,2021-03-30,498,Banco de Madeira de Onça,2021-04-01,1.0,1.0,9,4482,2
240,2021-11-17,718,Cabeça em Cerâmica,2021-09-12,,1.0,5,3590,66
241,2021-06-27,622,Beatas,2021-01-24,,1.0,1,622,154
242,2021-05-30,724,Banco de Madeira de Tatu,2021-06-20,,1.0,7,5068,21
243,2021-05-21,560,Assadeira de Barro,2021-05-31,,,2,1120,10
244,2021-05-24,14,Assadeira de Barro,2021-10-25,1.0,1.0,6,84,154
245,2021-06-27,538,Almofada de Tricô,2021-04-27,1.0,,3,1614,61
246,2021-07-28,448,Almofada de Tricô,2021-06-04,1.0,1.0,7,3136,54
247,2021-12-02,561,Beatas,2021-11-06,1.0,,1,561,26
248,2021-03-17,9,Banco de Madeira de Tatu,2021-08-14,1.0,,9,81,150
249,2021-08-17,8,Almofada de Tricô,2021-12-04,1.0,1.0,3,24,109
250,2021-08-18,970,Banco de Madeira de Tatu,2021-07-23,1.0,1.0,4,3880,26
251,2021-03-16,368,Assadeira de Barro,2021-02-11,,1.0,7,2576,33
252,2021-04-11,16,Cabeça em Cerâmica,2021-10-23,1.0,1.0,1,16,195
253,2021-08-22,535,Assadeira de Barro,2021-06-01,,1.0,4,2140,82
254,2021-04-10,425,Peneira de Palha,2021-05-03,,1.0,4,1700,23
255,2021-04-12,965,Banco de Madeira de Tatu,2021-09-23,,1.0,4,3860,164
256,2021-05-25,424,Peneira de Palha,2021-03-18,1.0,,1,424,68
257,2021-05-27,736,Arara Azul em Madeira,2021-10-11,1.0,,7,5152,137
258,2021-03-27,990,Banco de Madeira de Onça,2021-02-05,,1.0,6,5940,50
259,2021-12-04,966,Beatas,2021-05-05,1.0,,2,1932,213
260,2021-06-27,28,Assadeira de Barro,2021-12-06,,1.0,7,196,162
261,2021-11-08,747,Fruteira com 4 Carrancas,2021-05-19,,1.0,7,5229,173
262,2021-02-14,458,Fruteira com 4 Carrancas,2021-01-08,1.0,,4,1832,37
263,2021-04-09,999,Assadeira de Barro,2021-01-28,1.0,1.0,9,8991,71
264,2021-06-05,396,Banco de Madeira de Tatu,2021-12-07,,1.0,3,1188,185
265,2021-10-17,925,Cabeça em Cerâmica,2021-08-28,1.0,,2,1850,50
266,2021-12-02,28,Almofada de Tricô,2021-02-27,,1.0,1,28,278
267,2021-07-09,5,Cabeça em Cerâmica,2021-01-04,1.0,1.0,1,5,186
268,2021-12-02,234,Almofada de Tricô,2021-11-25,1.0,,1,234,7
269,2021-11-01,420,Banco de Madeira de Onça,2021-08-28,,,9,3780,65
270,2021-05-16,600,Cabeça em Cerâmica,2021-09-05,,,6,3600,112
271,2021-08-30,6,Almofada de Tricô,2021-09-06,,1.0,1,6,7
272,2021-12-12,6,Assadeira de Barro,2021-05-24,,1.0,1,6,202
273,2021-10-31,87,Fruteira com 4 Carrancas,2021-05-26,1.0,,9,783,158
274,2021-08-05,556,Assadeira de Barro,2021-04-14,1.0,1.0,7,3892,113
275,2021-10-24,8,Banco de Madeira de Onça,2021-06-13,,1.0,6,48,133
276,2021-05-09,452,Banco de Madeira de Onça,2021-04-22,1.0,,9,4068,17
277,2021-05-21,4,Banco de Madeira de Onça,2021-07-11,,,9,36,51
278,2021-12-12,696,Banco de Madeira de Tatu,2021-11-04,1.0,1.0,1,696,38
279,2021-06-30,575,Cabeça em Cerâmica,2021-12-02,,,4,2300,155
280,2021-07-03,4,Banco de Madeira de Tatu,2021-07-19,1.0,,3,12,16
281,2021-05-31,868,Almofada de Tricô,2021-01-07,,,1,868,144
282,2021-07-25,485,Peneira de Palha,2021-06-01,1.0,1.0,9,4365,54
283,2021-07-18,987,Arara Azul em Madeira,2021-03-29,,,3,2961,111
284,2021-12-06,688,Assadeira de Barro,2021-12-01,1.0,1.0,3,2064,5
285,2021-12-15,432,Banco de Madeira de Tatu,2021-01-13,,,1,432,336
286,2021-07-11,136,Peneira de Palha,2021-05-24,1.0,,9,1224,48
287,2021-10-20,982,Banco de Madeira de Onça,2021-10-30,1.0,1.0,9,8838,10
288,2021-02-17,6,Beatas,2021-11-14,1.0,1.0,6,36,270
289,2021-01-25,911,Arara Azul em Madeira,2021-11-21,,,2,1822,300
290,2021-06-16,580,Cabeça em Cerâmica,2021-12-19,1.0,1.0,4,2320,186
291,2021-03-12,23,Beatas,2021-05-05,1.0,1.0,6,138,54
292,2021-03-12,61,Fruteira com 4 Carrancas,2021-01-18,,1.0,4,244,53
293,2021-04-15,995,Arara Azul em Madeira,2021-07-12,,,1,995,88
294,2021-01-28,8,Beatas,2021-01-14,,1.0,6,48,14
295,2021-06-19,8,Fruteira com 4 Carrancas,2021-03-21,1.0,,3,24,90
296,2021-10-18,32,Peneira de Palha,2021-12-01,,1.0,6,192,44
297,2021-07-17,9,Beatas,2021-08-28,,1.0,1,9,42
298,2021-06-28,74,Beatas,2021-11-12,,1.0,2,148,137
299,2021-05-22,8,Banco de Madeira de Onça,2021-09-13,1.0,1.0,4,32,114
300,2021-07-25,522,Beatas,2021-02-09,,1.0,7,3654,166
301,2021-05-25,658,Peneira de Palha,2021-09-19,1.0,1.0,9,5922,117
302,2021-11-04,989,Fruteira com 4 Carrancas,2021-09-07,,,2,1978,58
303,2021-08-11,727,Fruteira com 4 Carrancas,2021-08-03,,1.0,3,2181,8
304,2021-02-23,300,Fruteira com 4 Carrancas,2021-07-05,1.0,,1,300,132
305,2021-08-13,578,Cabeça em Cerâmica,2021-06-11,,1.0,9,5202,63
306,2021-03-21,50,Cabeça em Cerâmica,2021-07-04,1.0,1.0,2,100,105
307,2021-10-10,636,Almofada de Tricô,2021-10-23,1.0,,5,3180,13
308,2021-02-02,353,Fruteira com 4 Carrancas,2021-10-02,1.0,1.0,8,2824,242
309,2021-05-17,997,Banco de Madeira de Tatu,2021-10-10,,,1,997,146
310,2021-06-02,162,Peneira de Palha,2021-06-09,1.0,1.0,7,1134,7
311,2021-01-25,512,Cabeça em Cerâmica,2021-01-06,1.0,,3,1536,19
312,2021-06-29,425,Cabeça em Cerâmica,2021-09-17,,1.0,3,1275,80
313,2021-12-30,937,Banco de Madeira de Onça,2021-07-14,1.0,1.0,4,3748,169
314,2021-03-22,90,Arara Azul em Madeira,2021-08-28,1.0,1.0,9,810,159
315,2021-02-02,971,Banco de Madeira de Tatu,2021-02-20,1.0,,5,4855,18
316,2021-12-01,263,Assadeira de Barro,2021-04-07,,,7,1841,238
317,2021-04-15,54,Beatas,2021-02-23,,,3,162,51
318,2021-07-01,61,Arara Azul em Madeira,2021-04-02,,1.0,4,244,90
319,2021-04-09,8,Cabeça em Cerâmica,2021-05-01,,1.0,9,72,22
320,2021-02-28,218,Cabeça em Cerâmica,2021-07-04,,,3,654,126
321,2021-11-01,928,Fruteira com 4 Carrancas,2021-06-02,1.0,,1,928,152
322,2021-07-20,262,Fruteira com 4 Carrancas,2021-03-10,,1.0,1,262,132
323,2021-06-11,324,Assadeira de Barro,2021-04-14,,1.0,1,324,58
324,2021-02-04,489,Banco de Madeira de Tatu,2021-03-27,,1.0,9,4401,51
325,2021-03-30,235,Banco de Madeira de Tatu,2021-06-17,,1.0,7,1645,79
326,2021-07-31,477,Almofada de Tricô,2021-08-25,,,1,477,25
327,2021-12-14,7,Beatas,2021-04-29,1.0,,8,56,229
328,2021-12-09,20,Peneira de Palha,2021-04-19,1.0,,1,20,234
329,2021-03-30,182,Banco de Madeira de Onça,2021-03-02,1.0,1.0,8,1456,28
330,2021-02-05,783,Banco de Madeira de Tatu,2021-01-30,,1.0,1,783,6
331,2021-03-21,228,Cabeça em Cerâmica,2021-06-28,1.0,,7,1596,99
332,2021-01-30,416,Arara Azul em Madeira,2021-09-22,1.0,1.0,1,416,235
333,2021-07-11,497,Cabeça em Cerâmica,2021-06-23,,,3,1491,18
334,2021-10-01,422,Arara Azul em Madeira,2021-08-04,,,8,3376,58
335,2021-08-17,670,Banco de Madeira de Onça,2021-09-10,1.0,1.0,3,2010,24
336,2021-10-21,888,Fruteira com 4 Carrancas,2021-01-12,,,6,5328,282
337,2021-11-01,231,Cabeça em Cerâmica,2021-02-07,1.0,,5,1155,267
338,2021-02-02,68,Beatas,2021-11-10,1.0,1.0,5,340,281
339,2021-08-01,23,Arara Azul em Madeira,2021-10-08,,,2,46,68
340,2021-07-01,65,Banco de Madeira de Onça,2021-08-12,,,1,65,42
341,2021-06-01,853,Almofada de Tricô,2021-04-14,,1.0,3,2559,48
342,2021-03-04,510,Cabeça em Cerâmica,2021-09-29,,1.0,5,2550,209
343,2021-04-15,626,Banco de Madeira de Tatu,2021-11-02,1.0,,8,5008,201
344,2021-11-26,507,Beatas,2021-08-04,1.0,,6,3042,114
345,2021-11-04,864,Fruteira com 4 Carrancas,2021-06-23,1.0,,4,3456,134
346,2021-12-24,720,Fruteira com 4 Carrancas,2021-05-19,,,3,2160,219
347,2021-06-16,836,Banco de Madeira de Tatu,2021-06-21,,1.0,3,2508,5
348,2021-09-11,832,Beatas,2021-03-20,1.0,,1,832,175
349,2021-10-04,48,Banco de Madeira de Tatu,2021-03-19,,,6,288,199
350,2021-08-03,339,Beatas,2021-05-21,1.0,,8,2712,74
351,2021-12-22,406,Assadeira de Barro,2021-02-14,,1.0,1,406,311
352,2021-08-22,4,Fruteira com 4 Carrancas,2021-05-06,,,6,24,108
353,2021-02-27,541,Fruteira com 4 Carrancas,2021-12-22,,1.0,3,1623,298
354,2021-09-11,810,Almofada de Tricô,2021-07-05,1.0,,2,1620,68
355,2021-11-04,33,Assadeira de Barro,2021-08-15,,,1,33,81
356,2021-07-30,85,Cabeça em Cerâmica,2021-06-02,1.0,,1,85,58
357,2021-07-04,749,Arara Azul em Madeira,2021-08-24,,1.0,2,1498,51
358,2021-12-18,170,Assadeira de Barro,2021-07-08,,1.0,1,170,163
359,2021-01-06,145,Fruteira com 4 Carrancas,2021-02-01,1.0,1.0,4,580,26
360,2021-07-31,980,Beatas,2021-10-17,,1.0,8,7840,78
361,2021-12-17,473,Fruteira com 4 Carrancas,2021-10-01,1.0,,5,2365,77
362,2021-11-28,33,Fruteira com 4 Carrancas,2021-11-17,,1.0,6,198,11
363,2021-11-29,928,Peneira de Palha,2021-11-24,,1.0,1,928,5
364,2021-11-11,190,Fruteira com 4 Carrancas,2021-12-29,1.0,,8,1520,48
365,2021-03-03,635,Fruteira com 4 Carrancas,2021-08-16,1.0,1.0,9,5715,166
366,2021-07-24,785,Assadeira de Barro,2021-03-02,,,7,5495,144
367,2021-12-11,12,Fruteira com 4 Carrancas,2021-11-19,1.0,,1,12,22
368,2021-02-18,57,Arara Azul em Madeira,2021-02-12,1.0,,4,228,6
369,2021-11-19,97,Beatas,2021-05-27,,1.0,2,194,176
370,2021-02-06,38,Almofada de Tricô,2021-05-07,1.0,1.0,3,114,90
371,2021-04-11,99,Banco de Madeira de Onça,2021-07-15,1.0,1.0,9,891,95
372,2021-01-22,224,Arara Azul em Madeira,2021-04-04,,1.0,8,1792,72
373,2021-06-23,646,Almofada de Tricô,2021-06-10,,1.0,6,3876,13
374,2021-02-16,11,Assadeira de Barro,2021-10-02,1.0,1.0,6,66,228
375,2021-08-13,691,Peneira de Palha,2021-11-16,1.0,,9,6219,95
376,2021-05-30,19,Assadeira de Barro,2021-03-31,,,6,114,60
377,2021-06-27,8,Banco de Madeira de Onça,2021-08-16,1.0,1.0,1,8,50
378,2021-05-21,9,Arara Azul em Madeira,2021-11-18,1.0,1.0,8,72,181
379,2021-11-18,36,Banco de Madeira de Tatu,2021-02-22,1.0,1.0,3,108,269
380,2021-10-15,32,Banco de Madeira de Tatu,2021-04-25,1.0,,1,32,173
381,2021-08-21,117,Assadeira de Barro,2021-08-22,,1.0,9,1053,1
382,2021-05-21,145,Banco de Madeira de Onça,2021-07-10,,1.0,5,725,50
383,2021-12-22,50,Arara Azul em Madeira,2021-11-11,1.0,1.0,1,50,41
384,2021-05-03,99,Arara Azul em Madeira,2021-08-28,,,1,99,117
385,2021-12-18,320,Assadeira de Barro,2021-03-12,,1.0,6,1920,281
386,2021-11-02,7,Fruteira com 4 Carrancas,2021-03-23,1.0,1.0,3,21,224
387,2021-12-08,890,Arara Azul em Madeira,2021-02-26,,,8,7120,285
388,2021-02-05,88,Peneira de Palha,2021-11-23,,,4,352,291
389,2021-05-16,810,Banco de Madeira de Onça,2021-12-05,,1.0,9,7290,203
390,2021-12-19,76,Almofada de Tricô,2021-07-29,1.0,1.0,5,380,143
391,2021-11-04,844,Assadeira de Barro,2021-12-27,,,3,2532,53
392,2021-12-31,514,Cabeça em Cerâmica,2021-01-18,,1.0,8,4112,347
393,2021-07-18,924,Almofada de Tricô,2021-06-28,,,6,5544,20
394,2021-02-13,258,Fruteira com 4 Carrancas,2021-02-20,,1.0,1,258,7
395,2021-12-23,51,Assadeira de Barro,2021-10-02,,,9,459,82
396,2021-08-03,36,Peneira de Palha,2021-02-09,1.0,,1,36,175
397,2021-03-23,762,Banco de Madeira de Tatu,2021-06-06,,,7,5334,75
398,2021-07-01,136,Fruteira com 4 Carrancas,2021-09-05,1.0,1.0,2,272,66
399,2021-11-07,96,Assadeira de Barro,2021-09-08,1.0,1.0,7,672,60
400,2021-12-21,858,Beatas,2021-07-11,1.0,,6,5148,163
401,2021-04-28,170,Banco de Madeira de Onça,2021-01-31,,1.0,6,1020,87
402,2021-06-09,217,Peneira de Palha,2021-07-15,1.0,,1,217,36
403,2021-06-22,99,Fruteira com 4 Carrancas,2021-11-21,1.0,,2,198,152
404,2021-11-22,929,Fruteira com 4 Carrancas,2021-05-16,,,6,5574,190
405,2021-10-21,671,Almofada de Tricô,2021-02-23,,1.0,2,1342,240
406,2021-04-13,627,Beatas,2021-10-21,,1.0,1,627,191
407,2021-04-25,5,Beatas,2021-08-01,,,9,45,98
408,2021-01-03,420,Beatas,2021-10-18,1.0,1.0,5,2100,288
409,2021-02-05,87,Cabeça em Cerâmica,2021-12-14,,1.0,9,783,312
410,2021-01-17,847,Cabeça em Cerâmica,2021-02-02,1.0,,7,5929,16
411,2021-02-10,273,Banco de Madeira de Tatu,2021-03-08,1.0,1.0,3,819,26
412,2021-09-05,194,Beatas,2021-09-05,1.0,1.0,8,1552,0
413,2021-04-03,600,Assadeira de Barro,2021-06-08,1.0,1.0,1,600,66
414,2021-01-30,6,Almofada de Tricô,2021-02-14,,1.0,1,6,15
415,2021-11-17,48,Peneira de Palha,2021-02-16,1.0,1.0,5,240,274
416,2021-08-15,7,Banco de Madeira de Tatu,2021-01-03,1.0,1.0,4,28,224
417,2021-11-14,804,Cabeça em Cerâmica,2021-03-22,1.0,1.0,2,1608,237
418,2021-10-12,153,Assadeira de Barro,2021-01-30,,1.0,6,918,255
419,2021-02-15,558,Banco de Madeira de Onça,2021-10-09,,,6,3348,236
420,2021-08-08,0,Cabeça em Cerâmica,2021-04-02,1.0,1.0,4,0,128
421,2021-11-20,954,Almofada de Tricô,2021-10-04,1.0,1.0,9,8586,47
422,2021-05-12,50,Banco de Madeira de Onça,2021-01-04,1.0,,4,200,128
423,2021-02-10,928,Almofada de Tricô,2021-08-13,1.0,,1,928,184
424,2021-11-26,620,Peneira de Palha,2021-04-25,,,4,2480,215
425,2021-12-12,0,Fruteira com 4 Carrancas,2021-06-13,1.0,,9,0,182
426,2021-04-18,396,Assadeira de Barro,2021-04-09,1.0,1.0,2,792,9
427,2021-06-01,671,Peneira de Palha,2021-09-04,1.0,,4,2684,95
428,2021-09-02,813,Peneira de Palha,2021-04-30,1.0,,8,6504,125
429,2021-02-03,6,Banco de Madeira de Onça,2021-12-05,,,1,6,305
430,2021-05-06,347,Cabeça em Cerâmica,2021-04-16,1.0,1.0,1,347,20
431,2021-12-13,883,Banco de Madeira de Onça,2021-03-21,1.0,1.0,1,883,267
432,2021-04-02,431,Beatas,2021-04-14,1.0,1.0,9,3879,12
433,2021-08-08,962,Banco de Madeira de Onça,2021-09-07,,,3,2886,30
434,2021-03-26,99,Assadeira de Barro,2021-01-04,1.0,,6,594,81
435,2021-03-12,932,Almofada de Tricô,2021-11-14,1.0,1.0,8,7456,247
436,2021-07-10,700,Cabeça em Cerâmica,2021-05-19,,,8,5600,52
437,2021-08-24,8,Beatas,2021-07-30,1.0,1.0,4,32,25
438,2021-05-11,593,Peneira de Palha,2021-12-06,,,3,1779,209
439,2021-04-12,7,Cabeça em Cerâmica,2021-09-25,,1.0,8,56,166
440,2021-06-05,692,Almofada de Tricô,2021-05-29,1.0,,6,4152,7
441,2021-07-10,407,Fruteira com 4 Carrancas,2021-04-02,,1.0,7,2849,99
442,2021-12-09,600,Cabeça em Cerâmica,2021-09-15,1.0,,8,4800,85
443,2021-08-15,16,Peneira de Palha,2021-12-25,1.0,,2,32,132
444,2021-07-15,1,Almofada de Tricô,2021-07-15,,1.0,2,2,0
445,2021-08-22,0,Banco de Madeira de Onça,2021-12-22,,1.0,3,0,122
446,2021-08-23,405,Beatas,2021-05-11,1.0,1.0,2,810,104
447,2021-04-04,199,Cabeça em Cerâmica,2021-07-05,1.0,1.0,2,398,92
448,2021-05-10,224,Peneira de Palha,2021-08-05,1.0,,7,1568,87
449,2021-01-02,551,Cabeça em Cerâmica,2021-11-08,1.0,,6,3306,310
450,2021-02-15,388,Banco de Madeira de Onça,2021-03-14,,1.0,1,388,27
451,2021-08-19,167,Cabeça em Cerâmica,2021-01-14,,,3,501,217
452,2021-05-23,152,Assadeira de Barro,2021-05-17,,1.0,1,152,6
453,2021-08-14,618,Arara Azul em Madeira,2021-02-01,,1.0,2,1236,194
454,2021-07-27,48,Banco de Madeira de Onça,2021-05-05,1.0,1.0,4,192,83
455,2021-06-09,25,Assadeira de Barro,2021-11-23,,1.0,9,225,167
456,2021-10-09,171,Arara Azul em Madeira,2021-12-07,1.0,,8,1368,59
457,2021-01-21,449,Arara Azul em Madeira,2021-10-07,,,3,1347,259
458,2021-09-21,86,Banco de Madeira de Onça,2021-11-04,1.0,,1,86,44
459,2021-06-11,441,Banco de Madeira de Tatu,2021-04-09,,,8,3528,63
460,2021-02-19,607,Fruteira com 4 Carrancas,2021-04-10,1.0,1.0,5,3035,50
461,2021-08-19,8,Assadeira de Barro,2021-03-10,,,1,8,162
462,2021-03-30,750,Peneira de Palha,2021-05-24,,1.0,4,3000,55
463,2021-06-08,2,Assadeira de Barro,2021-12-18,,,9,18,193
464,2021-05-26,356,Banco de Madeira de Onça,2021-03-12,1.0,,2,712,75
465,2021-06-14,710,Fruteira com 4 Carrancas,2021-07-15,,1.0,2,1420,31
466,2021-06-17,196,Beatas,2021-08-14,,1.0,1,196,58
467,2021-11-23,679,Arara Azul em Madeira,2021-07-25,1.0,1.0,7,4753,121
468,2021-03-23,402,Fruteira com 4 Carrancas,2021-02-27,1.0,1.0,9,3618,24
469,2021-04-05,60,Cabeça em Cerâmica,2021-01-03,,1.0,6,360,92
470,2021-09-18,718,Arara Azul em Madeira,2021-07-18,,,1,718,62
471,2021-06-25,762,Almofada de Tricô,2021-12-08,,,6,4572,166
472,2021-05-04,6,Banco de Madeira de Tatu,2021-11-02,,,2,12,182
473,2021-07-09,550,Fruteira com 4 Carrancas,2021-05-30,1.0,,1,550,40
474,2021-04-18,0,Cabeça em Cerâmica,2021-04-11,,1.0,7,0,7
475,2021-09-10,387,Cabeça em Cerâmica,2021-12-06,,1.0,1,387,87
476,2021-03-23,633,Peneira de Palha,2021-07-30,1.0,,9,5697,129
477,2021-11-26,950,Fruteira com 4 Carrancas,2021-07-20,1.0,1.0,9,8550,129
478,2021-10-03,452,Almofada de Tricô,2021-06-29,1.0,1.0,7,3164,96
479,2021-01-11,29,Fruteira com 4 Carrancas,2021-07-29,1.0,,1,29,199
480,2021-04-26,593,Fruteira com 4 Carrancas,2021-04-12,,,5,2965,14
481,2021-07-09,496,Banco de Madeira de Onça,2021-10-30,,1.0,8,3968,113
482,2021-03-06,260,Cabeça em Cerâmica,2021-11-16,1.0,1.0,1,260,255
483,2021-07-06,713,Arara Azul em Madeira,2021-02-19,1.0,,4,2852,137
484,2021-03-29,91,Fruteira com 4 Carrancas,2021-08-21,1.0,,1,91,145
485,2021-11-11,77,Fruteira com 4 Carrancas,2021-08-05,1.0,,8,616,98
486,2021-08-22,762,Fruteira com 4 Carrancas,2021-05-05,1.0,,8,6096,109
487,2021-01-26,319,Beatas,2021-06-19,,,3,957,144
488,2021-05-19,204,Banco de Madeira de Tatu,2021-01-03,,1.0,8,1632,136
489,2021-04-02,7,Cabeça em Cerâmica,2021-09-07,1.0,,8,56,158
490,2021-05-12,874,Peneira de Palha,2021-05-13,,1.0,4,3496,1
491,2021-09-20,684,Cabeça em Cerâmica,2021-06-02,,1.0,4,2736,110
492,2021-11-27,925,Cabeça em Cerâmica,2021-05-06,1.0,1.0,7,6475,205
493,2021-07-01,224,Arara Azul em Madeira,2021-07-09,1.0,1.0,4,896,8
494,2021-03-12,92,Peneira de Palha,2021-06-03,,,1,92,83
495,2021-11-06,564,Cabeça em Cerâmica,2021-12-10,,,3,1692,34
496,2021-02-11,0,Banco de Madeira de Tatu,2021-10-29,1.0,1.0,9,0,260
497,2021-11-10,594,Beatas,2021-06-02,1.0,1.0,8,4752,161
498,2021-06-14,46,Banco de Madeira de Onça,2021-06-18,1.0,1.0,7,322,4
499,2021-08-01,977,Cabeça em Cerâmica,2021-05-20,,,6,5862,73
500,2021-07-12,573,Beatas,2021-08-17,1.0,,5,2865,36
501,2021-06-18,33,Beatas,2021-03-27,,,6,198,83
502,2021-02-25,593,Banco de Madeira de Onça,2021-02-22,1.0,,3,1779,3
503,2021-01-21,967,Banco de Madeira de Onça,2021-10-26,1.0,1.0,3,2901,278
504,2021-05-04,13,Assadeira de Barro,2021-02-22,1.0,,3,39,71
505,2021-01-16,7,Arara Azul em Madeira,2021-09-06,,1.0,3,21,233
506,2021-10-06,27,Banco de Madeira de Tatu,2021-05-14,,,8,216,145
507,2021-11-20,756,Banco de Madeira de Onça,2021-01-01,,,4,3024,323
508,2021-12-08,162,Peneira de Palha,2021-10-15,,,7,1134,54
509,2021-11-15,819,Banco de Madeira de Onça,2021-03-16,1.0,1.0,4,3276,244
510,2021-07-08,199,Arara Azul em Madeira,2021-11-12,,1.0,4,796,127
511,2021-07-06,136,Cabeça em Cerâmica,2021-01-15,,1.0,8,1088,172
512,2021-02-02,666,Banco de Madeira de Onça,2021-12-02,1.0,1.0,6,3996,303
513,2021-09-14,77,Cabeça em Cerâmica,2021-08-23,1.0,1.0,9,693,22
514,2021-11-29,59,Peneira de Palha,2021-08-30,1.0,,2,118,91
515,2021-06-29,238,Beatas,2021-09-17,,1.0,4,952,80
516,2021-10-10,36,Banco de Madeira de Tatu,2021-07-28,,1.0,4,144,74
517,2021-02-12,717,Arara Azul em Madeira,2021-08-03,,1.0,8,5736,172
518,2021-12-16,350,Cabeça em Cerâmica,2021-10-26,,1.0,3,1050,51
519,2021-07-19,474,Fruteira com 4 Carrancas,2021-01-10,1.0,,5,2370,190
520,2021-02-16,720,Almofada de Tricô,2021-02-11,1.0,,8,5760,5
521,2021-04-13,88,Banco de Madeira de Onça,2021-09-18,,,7,616,158
522,2021-03-05,21,Assadeira de Barro,2021-06-25,,1.0,3,63,112
523,2021-12-21,1,Arara Azul em Madeira,2021-11-01,,1.0,5,5,50
524,2021-08-23,178,Fruteira com 4 Carrancas,2021-09-15,,,6,1068,23
525,2021-08-18,207,Banco de Madeira de Tatu,2021-03-04,,1.0,3,621,167
526,2021-10-30,309,Banco de Madeira de Onça,2021-10-31,1.0,1.0,9,2781,1
527,2021-05-12,405,Assadeira de Barro,2021-12-24,1.0,1.0,7,2835,226
528,2021-06-03,405,Banco de Madeira de Onça,2021-09-20,,1.0,7,2835,109
529,2021-05-27,125,Banco de Madeira de Tatu,2021-03-03,,1.0,4,500,85
530,2021-07-08,267,Peneira de Palha,2021-09-08,1.0,,9,2403,62
531,2021-11-16,958,Assadeira de Barro,2021-05-19,1.0,1.0,2,1916,181
532,2021-06-17,486,Peneira de Palha,2021-09-13,1.0,1.0,1,486,88
533,2021-07-24,8,Banco de Madeira de Onça,2021-02-25,1.0,1.0,1,8,149
534,2021-10-30,446,Almofada de Tricô,2021-06-03,1.0,,9,4014,149
535,2021-07-17,438,Peneira de Palha,2021-01-09,,,8,3504,189
536,2021-04-12,478,Assadeira de Barro,2021-10-13,1.0,1.0,3,1434,184
537,2021-05-02,540,Almofada de Tricô,2021-01-19,1.0,,1,540,103
538,2021-09-13,101,Cabeça em Cerâmica,2021-01-05,,,4,404,251
539,2021-11-09,4,Cabeça em Cerâmica,2021-02-25,1.0,,5,20,257
540,2021-04-23,301,Beatas,2021-10-16,1.0,1.0,8,2408,176
541,2021-02-27,24,Peneira de Palha,2021-07-06,1.0,1.0,8,192,129
542,2021-12-19,171,Banco de Madeira de Tatu,2021-06-28,1.0,,3,513,174
543,2021-11-01,148,Cabeça em Cerâmica,2021-11-13,1.0,1.0,5,740,12
544,2021-08-14,543,Peneira de Palha,2021-07-26,,,6,3258,19
545,2021-02-10,688,Peneira de Palha,2021-02-06,1.0,1.0,3,2064,4
546,2021-04-25,831,Beatas,2021-04-05,,,3,2493,20
547,2021-09-05,155,Beatas,2021-08-27,1.0,,3,465,9
548,2021-07-11,727,Banco de Madeira de Tatu,2021-07-22,1.0,,1,727,11
549,2021-02-20,490,Banco de Madeira de Tatu,2021-07-10,,,7,3430,140
550,2021-09-12,650,Cabeça em Cerâmica,2021-02-05,,,6,3900,219
551,2021-02-02,21,Fruteira com 4 Carrancas,2021-09-10,1.0,,3,63,220
552,2021-07-20,105,Peneira de Palha,2021-07-23,1.0,,6,630,3
553,2021-02-08,900,Assadeira de Barro,2021-11-21,,1.0,5,4500,286
554,2021-08-14,921,Peneira de Palha,2021-04-02,,1.0,1,921,134
555,2021-05-03,648,Almofada de Tricô,2021-05-15,,,3,1944,12
556,2021-06-24,182,Almofada de Tricô,2021-08-23,,1.0,2,364,60
557,2021-04-21,511,Assadeira de Barro,2021-07-30,,,1,511,100
558,2021-11-08,411,Beatas,2021-05-10,,,4,1644,182
559,2021-09-26,1,Almofada de Tricô,2021-09-11,,1.0,4,4,15
560,2021-07-20,108,Cabeça em Cerâmica,2021-05-18,1.0,1.0,9,972,63
561,2021-08-08,401,Beatas,2021-04-02,,1.0,1,401,128
562,2021-10-31,923,Beatas,2021-01-10,1.0,1.0,2,1846,294
563,2021-06-09,65,Peneira de Palha,2021-01-26,,,2,130,134
564,2021-09-07,461,Fruteira com 4 Carrancas,2021-04-07,1.0,,8,3688,153
565,2021-05-11,0,Beatas,2021-01-03,,,1,0,128
566,2021-07-29,564,Banco de Madeira de Onça,2021-03-22,1.0,,1,564,129
567,2021-12-12,17,Banco de Madeira de Tatu,2021-11-11,,,1,17,31
568,2021-02-05,567,Arara Azul em Madeira,2021-03-06,1.0,,9,5103,29
569,2021-08-08,4,Cabeça em Cerâmica,2021-06-27,1.0,1.0,4,16,42
570,2021-07-11,1,Assadeira de Barro,2021-05-08,1.0,,7,7,64
571,2021-01-04,570,Fruteira com 4 Carrancas,2021-03-07,1.0,1.0,1,570,62
572,2021-02-12,23,Banco de Madeira de Onça,2021-05-13,1.0,1.0,3,69,90
573,2021-04-06,985,Beatas,2021-10-31,,1.0,1,985,208
574,2021-09-26,2,Banco de Madeira de Tatu,2021-05-14,1.0,,6,12,135
575,2021-04-19,304,Beatas,2021-07-10,,1.0,7,2128,82
576,2021-05-06,13,Cabeça em Cerâmica,2021-08-15,1.0,,3,39,101
577,2021-07-25,638,Beatas,2021-08-22,1.0,1.0,2,1276,28
578,2021-03-03,803,Arara Azul em Madeira,2021-01-20,,1.0,6,4818,42
579,2021-10-20,51,Arara Azul em Madeira,2021-01-19,,1.0,7,357,274
580,2021-09-12,0,Peneira de Palha,2021-10-23,1.0,,5,0,41
581,2021-07-24,409,Assadeira de Barro,2021-08-18,,1.0,6,2454,25
582,2021-06-24,48,Beatas,2021-09-01,1.0,1.0,8,384,69
583,2021-05-21,590,Almofada de Tricô,2021-11-15,1.0,,1,590,178
584,2021-03-19,529,Assadeira de Barro,2021-09-23,,,2,1058,188
585,2021-03-28,395,Fruteira com 4 Carrancas,2021-05-19,,1.0,5,1975,52
586,2021-10-20,7,Almofada de Tricô,2021-03-09,1.0,1.0,2,14,225
587,2021-11-02,107,Arara Azul em Madeira,2021-11-22,,1.0,3,321,20
588,2021-09-20,725,Almofada de Tricô,2021-11-08,1.0,1.0,3,2175,49
589,2021-06-21,93,Assadeira de Barro,2021-12-24,,,8,744,186
590,2021-11-22,245,Assadeira de Barro,2021-06-09,,1.0,3,735,166
591,2021-01-19,190,Beatas,2021-02-20,1.0,,5,950,32
592,2021-08-25,642,Almofada de Tricô,2021-12-17,1.0,,1,642,114
593,2021-04-02,325,Banco de Madeira de Tatu,2021-12-20,,1.0,3,975,262
594,2021-06-27,690,Cabeça em Cerâmica,2021-02-28,,1.0,5,3450,119
595,2021-04-03,662,Almofada de Tricô,2021-03-28,1.0,1.0,4,2648,6
596,2021-11-23,627,Banco de Madeira de Onça,2021-10-12,,,5,3135,42
597,2021-01-11,698,Assadeira de Barro,2021-02-08,1.0,,9,6282,28
598,2021-12-14,733,Peneira de Palha,2021-05-18,1.0,1.0,6,4398,210
599,2021-11-24,792,Banco de Madeira de Tatu,2021-04-16,,1.0,2,1584,222
600,2021-08-06,830,Arara Azul em Madeira,2021-05-15,,,3,2490,83
601,2021-11-14,680,Beatas,2021-02-16,,,7,4760,271
602,2021-03-30,91,Arara Azul em Madeira,2021-04-07,,,7,637,8
603,2021-03-11,521,Banco de Madeira de Tatu,2021-04-29,1.0,,1,521,49
604,2021-12-06,737,Fruteira com 4 Carrancas,2021-08-22,1.0,,3,2211,106
605,2021-11-02,663,Assadeira de Barro,2021-12-15,,,4,2652,43
606,2021-10-12,762,Cabeça em Cerâmica,2021-07-25,,1.0,6,4572,79
607,2021-11-16,961,Cabeça em Cerâmica,2021-05-19,1.0,,6,5766,181
608,2021-07-21,496,Peneira de Palha,2021-07-01,,1.0,8,3968,20
609,2021-08-24,246,Banco de Madeira de Onça,2021-07-17,,1.0,4,984,38
610,2021-07-22,742,Banco de Madeira de Onça,2021-09-23,,,9,6678,63
611,2021-12-30,59,Fruteira com 4 Carrancas,2021-04-14,1.0,1.0,1,59,260
612,2021-08-11,63,Beatas,2021-10-21,,,5,315,71
613,2021-09-24,547,Banco de Madeira de Onça,2021-07-14,1.0,1.0,1,547,72
614,2021-04-03,54,Fruteira com 4 Carrancas,2021-05-18,,,8,432,45
615,2021-08-09,0,Fruteira com 4 Carrancas,2021-06-03,1.0,,3,0,67
616,2021-08-26,334,Assadeira de Barro,2021-04-27,1.0,,9,3006,121
617,2021-01-29,358,Beatas,2021-12-21,,,5,1790,326
618,2021-03-16,962,Cabeça em Cerâmica,2021-07-25,,1.0,1,962,131
619,2021-01-11,820,Arara Azul em Madeira,2021-06-09,1.0,,6,4920,149
620,2021-03-22,28,Banco de Madeira de Tatu,2021-01-01,,1.0,6,168,80
621,2021-11-17,79,Banco de Madeira de Tatu,2021-03-07,,1.0,7,553,255
622,2021-10-20,1,Banco de Madeira de Tatu,2021-06-17,1.0,1.0,1,1,125
623,2021-02-11,84,Assadeira de Barro,2021-05-28,,,1,84,106
624,2021-05-07,706,Assadeira de Barro,2021-09-01,1.0,1.0,4,2824,117
625,2021-03-25,940,Fruteira com 4 Carrancas,2021-02-24,1.0,,6,5640,29
626,2021-08-28,405,Fruteira com 4 Carrancas,2021-12-19,,1.0,6,2430,113
627,2021-08-26,410,Arara Azul em Madeira,2021-05-15,1.0,1.0,4,1640,103
628,2021-02-04,245,Banco de Madeira de Tatu,2021-04-13,1.0,1.0,3,735,68
629,2021-03-14,545,Fruteira com 4 Carrancas,2021-09-08,1.0,1.0,3,1635,178
630,2021-02-27,863,Cabeça em Cerâmica,2021-05-04,,1.0,3,2589,66
631,2021-01-12,192,Almofada de Tricô,2021-11-17,,1.0,7,1344,309
632,2021-04-22,494,Arara Azul em Madeira,2021-11-01,1.0,,1,494,193
633,2021-04-07,144,Banco de Madeira de Onça,2021-03-20,1.0,,7,1008,18
634,2021-11-16,478,Cabeça em Cerâmica,2021-03-30,1.0,,4,1912,231
635,2021-12-29,323,Peneira de Palha,2021-03-09,1.0,,7,2261,295
636,2021-10-17,83,Arara Azul em Madeira,2021-04-06,1.0,,5,415,194
637,2021-07-28,197,Almofada de Tricô,2021-03-04,,,6,1182,146
638,2021-12-10,3,Banco de Madeira de Onça,2021-08-23,1.0,1.0,5,15,109
639,2021-04-24,100,Beatas,2021-05-21,1.0,1.0,9,900,27
640,2021-09-26,89,Cabeça em Cerâmica,2021-05-08,,,9,801,141
641,2021-10-11,78,Almofada de Tricô,2021-09-20,1.0,,6,468,21
642,2021-03-18,8,Beatas,2021-04-06,1.0,,5,40,19
643,2021-10-31,170,Cabeça em Cerâmica,2021-02-18,1.0,,8,1360,255
644,2021-06-13,736,Peneira de Palha,2021-02-22,,,5,3680,111
645,2021-11-02,41,Peneira de Palha,2021-08-14,,1.0,5,205,80
646,2021-02-20,407,Peneira de Palha,2021-09-21,,,4,1628,213
647,2021-08-06,441,Banco de Madeira de Onça,2021-08-08,1.0,,7,3087,2
648,2021-12-19,967,Cabeça em Cerâmica,2021-07-13,1.0,1.0,5,4835,159
649,2021-11-16,7,Assadeira de Barro,2021-05-29,1.0,,7,49,171
650,2021-02-20,912,Assadeira de Barro,2021-03-14,1.0,1.0,6,5472,22
651,2021-12-24,827,Almofada de Tricô,2021-11-25,,,5,4135,29
652,2021-09-14,80,Banco de Madeira de Tatu,2021-04-06,1.0,1.0,9,720,161
653,2021-09-23,65,Cabeça em Cerâmica,2021-11-20,,1.0,6,390,58
654,2021-10-25,792,Banco de Madeira de Tatu,2021-05-26,1.0,1.0,4,3168,152
655,2021-07-07,61,Arara Azul em Madeira,2021-01-04,,,1,61,184
656,2021-05-15,10,Beatas,2021-10-09,,1.0,1,10,147
657,2021-06-11,29,Banco de Madeira de Tatu,2021-04-25,,1.0,9,261,47
658,2021-05-06,440,Banco de Madeira de Onça,2021-06-15,1.0,1.0,3,1320,40
659,2021-03-23,84,Banco de Madeira de Onça,2021-12-17,1.0,,6,504,269
660,2021-01-04,348,Cabeça em Cerâmica,2021-04-02,,,2,696,88
661,2021-01-28,160,Peneira de Palha,2021-02-22,1.0,1.0,8,1280,25
662,2021-08-16,884,Banco de Madeira de Tatu,2021-01-08,,1.0,2,1768,220
663,2021-08-15,450,Peneira de Palha,2021-07-18,1.0,,9,4050,28
664,2021-08-02,225,Cabeça em Cerâmica,2021-09-21,,,2,450,50
665,2021-06-22,346,Arara Azul em Madeira,2021-01-07,,,2,692,166
666,2021-05-01,382,Peneira de Palha,2021-06-02,1.0,,3,1146,32
667,2021-04-11,20,Almofada de Tricô,2021-11-25,1.0,,9,180,228
668,2021-02-05,808,Cabeça em Cerâmica,2021-11-20,,1.0,1,808,288
669,2021-09-06,287,Cabeça em Cerâmica,2021-10-23,1.0,1.0,5,1435,47
670,2021-07-15,956,Beatas,2021-01-27,1.0,1.0,1,956,169
671,2021-09-06,820,Beatas,2021-08-01,1.0,1.0,5,4100,36
672,2021-09-05,680,Fruteira com 4 Carrancas,2021-01-07,1.0,1.0,1,680,241
673,2021-02-28,2,Assadeira de Barro,2021-02-15,,,7,14,13
674,2021-03-25,667,Fruteira com 4 Carrancas,2021-06-06,,1.0,9,6003,73
675,2021-07-04,702,Almofada de Tricô,2021-03-31,,1.0,1,702,95
676,2021-11-26,541,Banco de Madeira de Tatu,2021-11-10,1.0,1.0,5,2705,16
677,2021-12-18,381,Banco de Madeira de Tatu,2021-06-28,1.0,,6,2286,173
678,2021-05-01,794,Banco de Madeira de Onça,2021-03-06,1.0,1.0,1,794,56
679,2021-07-31,267,Banco de Madeira de Tatu,2021-07-11,,1.0,1,267,20
680,2021-04-28,9,Peneira de Palha,2021-06-15,1.0,1.0,6,54,48
681,2021-06-23,996,Fruteira com 4 Carrancas,2021-04-28,,1.0,1,996,56
682,2021-06-18,781,Arara Azul em Madeira,2021-09-17,,1.0,2,1562,91
683,2021-12-11,864,Banco de Madeira de Tatu,2021-08-29,,,4,3456,104
684,2021-05-02,71,Almofada de Tricô,2021-07-20,1.0,1.0,3,213,79
685,2021-07-30,238,Cabeça em Cerâmica,2021-10-07,1.0,,2,476,69
686,2021-01-19,297,Banco de Madeira de Onça,2021-05-02,,1.0,1,297,103
687,2021-07-24,619,Arara Azul em Madeira,2021-04-16,,,6,3714,99
688,2021-12-26,450,Cabeça em Cerâmica,2021-03-04,,1.0,4,1800,297
689,2021-08-06,928,Almofada de Tricô,2021-08-06,1.0,,8,7424,0
690,2021-12-12,155,Beatas,2021-01-22,,,4,620,324
691,2021-06-24,4,Beatas,2021-05-08,,,1,4,47
692,2021-01-10,226,Assadeira de Barro,2021-12-16,,1.0,7,1582,340
693,2021-02-20,328,Almofada de Tricô,2021-09-08,1.0,1.0,9,2952,200
694,2021-02-26,206,Beatas,2021-03-30,,,5,1030,32
695,2021-07-10,8,Banco de Madeira de Onça,2021-12-30,1.0,,4,32,173
696,2021-06-16,880,Almofada de Tricô,2021-01-26,1.0,,4,3520,141
697,2021-09-25,7,Arara Azul em Madeira,2021-12-03,,,2,14,69
698,2021-12-28,913,Assadeira de Barro,2021-11-13,,1.0,4,3652,45
699,2021-02-01,650,Banco de Madeira de Tatu,2021-10-30,,,2,1300,271
700,2021-03-07,864,Banco de Madeira de Tatu,2021-01-02,1.0,,1,864,64
701,2021-03-03,9,Peneira de Palha,2021-03-23,,1.0,4,36,20
702,2021-03-25,698,Banco de Madeira de Onça,2021-09-25,1.0,1.0,9,6282,184
703,2021-08-11,376,Beatas,2021-09-14,,,5,1880,34
704,2021-05-03,848,Banco de Madeira de Tatu,2021-04-26,,1.0,4,3392,7
705,2021-04-10,82,Fruteira com 4 Carrancas,2021-03-28,,1.0,8,656,13
706,2021-11-03,1,Assadeira de Barro,2021-01-27,1.0,,1,1,280
707,2021-02-22,29,Beatas,2021-01-28,1.0,,2,58,25
708,2021-10-13,937,Peneira de Palha,2021-10-23,,1.0,1,937,10
709,2021-11-17,69,Peneira de Palha,2021-08-07,1.0,1.0,7,483,102
710,2021-01-30,741,Banco de Madeira de Tatu,2021-03-22,,,1,741,51
711,2021-04-23,966,Fruteira com 4 Carrancas,2021-02-21,,,2,1932,61
712,2021-04-22,92,Cabeça em Cerâmica,2021-04-25,,1.0,7,644,3
713,2021-11-04,14,Arara Azul em Madeira,2021-02-15,,,7,98,262
714,2021-12-21,2,Beatas,2021-10-10,1.0,1.0,9,18,72
715,2021-11-06,601,Arara Azul em Madeira,2021-06-21,1.0,,7,4207,138
716,2021-09-10,521,Arara Azul em Madeira,2021-11-15,,,4,2084,66
717,2021-05-31,180,Almofada de Tricô,2021-03-02,,,3,540,90
718,2021-08-13,44,Fruteira com 4 Carrancas,2021-03-10,1.0,,8,352,156
719,2021-11-28,92,Peneira de Palha,2021-03-13,,,7,644,260
720,2021-12-25,614,Assadeira de Barro,2021-01-22,,1.0,3,1842,337
721,2021-03-23,265,Banco de Madeira de Onça,2021-10-09,,1.0,9,2385,200
722,2021-02-18,421,Arara Azul em Madeira,2021-09-17,,1.0,1,421,211
723,2021-09-05,917,Beatas,2021-07-30,1.0,,1,917,37
724,2021-10-13,310,Banco de Madeira de Onça,2021-02-19,1.0,,2,620,236
725,2021-02-21,877,Assadeira de Barro,2021-12-23,1.0,,8,7016,305
726,2021-07-07,83,Banco de Madeira de Tatu,2021-05-09,1.0,1.0,5,415,59
727,2021-08-11,530,Peneira de Palha,2021-02-27,1.0,1.0,5,2650,165
728,2021-02-25,856,Banco de Madeira de Tatu,2021-01-31,1.0,1.0,1,856,25
729,2021-03-17,369,Peneira de Palha,2021-10-17,,1.0,7,2583,214
730,2021-11-08,195,Arara Azul em Madeira,2021-08-03,1.0,1.0,1,195,97
731,2021-07-26,72,Fruteira com 4 Carrancas,2021-05-29,,1.0,4,288,58
732,2021-01-31,834,Arara Azul em Madeira,2021-03-14,,1.0,9,7506,42
733,2021-04-01,124,Cabeça em Cerâmica,2021-06-28,,,4,496,88
734,2021-02-03,913,Almofada de Tricô,2021-08-05,,,6,5478,183
735,2021-04-03,492,Banco de Madeira de Onça,2021-10-25,,,9,4428,205
736,2021-01-27,8,Arara Azul em Madeira,2021-07-29,,,3,24,183
737,2021-07-25,335,Beatas,2021-04-14,,1.0,8,2680,102
738,2021-11-06,2,Beatas,2021-07-29,,,8,16,100
739,2021-04-30,8,Peneira de Palha,2021-07-02,1.0,,3,24,63
740,2021-05-17,284,Fruteira com 4 Carrancas,2021-11-02,,,7,1988,169
741,2021-11-08,2,Assadeira de Barro,2021-12-13,,1.0,5,10,35
742,2021-03-04,343,Peneira de Palha,2021-02-17,1.0,,4,1372,15
743,2021-09-09,621,Banco de Madeira de Onça,2021-10-24,,,9,5589,45
744,2021-04-14,224,Cabeça em Cerâmica,2021-11-19,,1.0,3,672,219
745,2021-03-25,317,Fruteira com 4 Carrancas,2021-11-09,,1.0,1,317,229
746,2021-06-28,287,Banco de Madeira de Onça,2021-12-22,1.0,,1,287,177
747,2021-11-07,662,Peneira de Palha,2021-02-04,1.0,1.0,3,1986,276
748,2021-08-31,802,Assadeira de Barro,2021-08-05,1.0,1.0,1,802,26
749,2021-11-26,66,Arara Azul em Madeira,2021-11-20,1.0,,1,66,6
750,2021-09-02,702,Peneira de Palha,2021-08-26,,1.0,6,4212,7
751,2021-11-28,39,Banco de Madeira de Tatu,2021-02-03,1.0,1.0,8,312,298
752,2021-06-23,601,Arara Azul em Madeira,2021-04-24,1.0,1.0,2,1202,60
753,2021-06-01,514,Peneira de Palha,2021-04-05,1.0,,9,4626,57
754,2021-04-16,636,Almofada de Tricô,2021-01-01,,,3,1908,105
755,2021-12-15,227,Arara Azul em Madeira,2021-10-21,1.0,,3,681,55
756,2021-09-12,374,Fruteira com 4 Carrancas,2021-01-14,,1.0,7,2618,241
757,2021-12-13,0,Banco de Madeira de Tatu,2021-07-11,,,7,0,155
758,2021-03-02,75,Peneira de Palha,2021-11-29,1.0,,1,75,272
759,2021-04-24,5,Fruteira com 4 Carrancas,2021-09-17,1.0,,1,5,146
760,2021-03-17,759,Almofada de Tricô,2021-12-30,1.0,1.0,2,1518,288
761,2021-04-15,418,Banco de Madeira de Onça,2021-12-20,,1.0,6,2508,249
762,2021-05-20,3,Assadeira de Barro,2021-07-10,1.0,,3,9,51
763,2021-06-13,276,Banco de Madeira de Onça,2021-07-21,,1.0,1,276,38
764,2021-07-21,584,Cabeça em Cerâmica,2021-07-31,,,3,1752,10
765,2021-11-16,361,Beatas,2021-07-22,1.0,1.0,7,2527,117
766,2021-05-04,86,Cabeça em Cerâmica,2021-12-13,,1.0,4,344,223
767,2021-06-04,448,Banco de Madeira de Tatu,2021-01-25,1.0,,3,1344,130
768,2021-08-30,4,Assadeira de Barro,2021-03-19,1.0,,2,8,164
769,2021-02-07,628,Assadeira de Barro,2021-04-28,1.0,,6,3768,80
770,2021-07-08,350,Beatas,2021-06-12,1.0,,7,2450,26
771,2021-05-18,732,Almofada de Tricô,2021-03-16,,1.0,8,5856,63
772,2021-06-21,601,Almofada de Tricô,2021-11-09,1.0,1.0,9,5409,141
773,2021-06-12,59,Cabeça em Cerâmica,2021-04-20,,1.0,4,236,53
774,2021-01-20,655,Cabeça em Cerâmica,2021-08-01,,1.0,9,5895,193
775,2021-08-08,7,Banco de Madeira de Tatu,2021-04-14,,,5,35,116
776,2021-03-02,762,Almofada de Tricô,2021-11-08,1.0,,7,5334,251
777,2021-10-27,52,Almofada de Tricô,2021-06-05,1.0,,7,364,144
778,2021-03-30,590,Arara Azul em Madeira,2021-02-20,,,8,4720,38
779,2021-07-19,777,Banco de Madeira de Tatu,2021-09-01,,,6,4662,44
780,2021-01-11,55,Fruteira com 4 Carrancas,2021-10-31,1.0,1.0,1,55,293
781,2021-05-31,0,Banco de Madeira de Tatu,2021-08-18,,,2,0,79
782,2021-08-21,301,Almofada de Tricô,2021-02-10,,,1,301,192
783,2021-06-09,104,Cabeça em Cerâmica,2021-01-18,,,2,208,142
784,2021-07-30,824,Almofada de Tricô,2021-01-23,,,6,4944,188
785,2021-10-21,7,Banco de Madeira de Tatu,2021-12-19,1.0,,2,14,59
786,2021-11-20,102,Banco de Madeira de Tatu,2021-07-11,,1.0,1,102,132
787,2021-10-15,157,Beatas,2021-05-19,,,1,157,149
788,2021-06-06,548,Almofada de Tricô,2021-10-26,,,1,548,142
789,2021-10-07,10,Assadeira de Barro,2021-09-29,,1.0,4,40,8
790,2021-01-23,677,Almofada de Tricô,2021-06-17,,,5,3385,145
791,2021-02-11,160,Cabeça em Cerâmica,2021-05-03,1.0,1.0,7,1120,81
792,2021-12-05,830,Fruteira com 4 Carrancas,2021-09-23,,1.0,4,3320,73
793,2021-05-17,2,Banco de Madeira de Onça,2021-12-06,,,8,16,203
794,2021-06-25,8,Peneira de Palha,2021-02-20,,1.0,9,72,125
795,2021-04-22,37,Assadeira de Barro,2021-05-15,1.0,,4,148,23
796,2021-04-15,965,Cabeça em Cerâmica,2021-05-21,,,3,2895,36
797,2021-11-16,74,Banco de Madeira de Tatu,2021-02-21,1.0,,7,518,268
798,2021-10-11,17,Assadeira de Barro,2021-12-22,1.0,,6,102,72
799,2021-02-16,172,Arara Azul em Madeira,2021-10-19,1.0,,1,172,245
800,2021-11-10,6,Assadeira de Barro,2021-08-25,1.0,1.0,1,6,77
801,2021-05-09,820,Almofada de Tricô,2021-09-18,,,1,820,132
802,2021-09-28,721,Arara Azul em Madeira,2021-10-20,1.0,1.0,9,6489,22
803,2021-11-02,714,Beatas,2021-05-03,1.0,,9,6426,183
804,2021-07-01,51,Cabeça em Cerâmica,2021-01-13,,,1,51,169
805,2021-07-20,855,Fruteira com 4 Carrancas,2021-06-14,,,2,1710,36
806,2021-04-20,372,Cabeça em Cerâmica,2021-09-26,,,7,2604,159
807,2021-08-19,932,Beatas,2021-06-09,1.0,,4,3728,71
808,2021-07-09,958,Fruteira com 4 Carrancas,2021-09-20,1.0,,3,2874,73
809,2021-05-15,706,Cabeça em Cerâmica,2021-07-10,,1.0,3,2118,56
810,2021-05-03,1,Assadeira de Barro,2021-12-28,1.0,,9,9,239
811,2021-03-09,657,Assadeira de Barro,2021-02-05,1.0,1.0,3,1971,32
812,2021-10-13,682,Peneira de Palha,2021-08-14,1.0,,8,5456,60
813,2021-09-23,5,Beatas,2021-11-14,,1.0,4,20,52
814,2021-05-07,31,Peneira de Palha,2021-09-11,,1.0,5,155,127
815,2021-06-29,15,Assadeira de Barro,2021-09-20,1.0,1.0,4,60,83
816,2021-12-19,5,Beatas,2021-10-01,,,8,40,79
817,2021-02-09,239,Beatas,2021-01-24,1.0,1.0,1,239,16
818,2021-07-02,888,Peneira de Palha,2021-04-20,,,1,888,73
819,2021-04-08,788,Almofada de Tricô,2021-02-24,1.0,,3,2364,43
820,2021-06-24,39,Beatas,2021-03-17,,,1,39,99
821,2021-11-06,792,Arara Azul em Madeira,2021-09-18,1.0,,5,3960,49
822,2021-07-01,156,Cabeça em Cerâmica,2021-01-11,1.0,1.0,7,1092,171
823,2021-08-29,283,Peneira de Palha,2021-10-30,,1.0,1,283,62
824,2021-06-26,787,Cabeça em Cerâmica,2021-07-28,1.0,1.0,8,6296,32
825,2021-05-30,132,Peneira de Palha,2021-05-02,,1.0,5,660,28
826,2021-11-20,660,Cabeça em Cerâmica,2021-05-17,1.0,1.0,7,4620,187
827,2021-03-14,411,Beatas,2021-06-19,,,9,3699,97
828,2021-07-17,6,Almofada de Tricô,2021-12-30,,1.0,4,24,166
829,2021-03-25,326,Banco de Madeira de Tatu,2021-11-17,,,7,2282,237
830,2021-02-10,30,Banco de Madeira de Tatu,2021-01-02,1.0,,6,180,39
831,2021-03-09,98,Arara Azul em Madeira,2021-08-25,1.0,,4,392,169
832,2021-08-13,3,Banco de Madeira de Tatu,2021-07-21,1.0,1.0,1,3,23
833,2021-02-26,5,Assadeira de Barro,2021-06-22,1.0,1.0,6,30,116
834,2021-11-14,254,Beatas,2021-02-03,,1.0,1,254,284
835,2021-10-24,6,Cabeça em Cerâmica,2021-05-18,1.0,1.0,7,42,159
836,2021-08-12,910,Banco de Madeira de Onça,2021-12-01,1.0,1.0,1,910,111
837,2021-03-22,165,Arara Azul em Madeira,2021-04-27,1.0,1.0,2,330,36
838,2021-11-19,179,Assadeira de Barro,2021-08-05,,,1,179,106
839,2021-11-28,964,Peneira de Palha,2021-08-28,1.0,,1,964,92
840,2021-05-08,912,Fruteira com 4 Carrancas,2021-03-01,,,2,1824,68
841,2021-02-05,50,Assadeira de Barro,2021-05-24,1.0,1.0,5,250,108
842,2021-04-13,24,Peneira de Palha,2021-04-08,,1.0,4,96,5
843,2021-05-02,997,Peneira de Palha,2021-03-10,,1.0,1,997,53
844,2021-03-09,84,Banco de Madeira de Tatu,2021-08-18,1.0,,2,168,162
845,2021-04-08,513,Cabeça em Cerâmica,2021-08-23,,1.0,1,513,137
846,2021-08-10,38,Arara Azul em Madeira,2021-05-23,1.0,,4,152,79
847,2021-01-15,7,Almofada de Tricô,2021-09-16,,1.0,4,28,244
848,2021-10-24,962,Almofada de Tricô,2021-06-18,1.0,1.0,9,8658,128
849,2021-10-27,26,Cabeça em Cerâmica,2021-04-07,1.0,1.0,9,234,203
850,2021-04-28,614,Banco de Madeira de Tatu,2021-03-07,,,5,3070,52
851,2021-08-03,96,Banco de Madeira de Onça,2021-01-07,1.0,1.0,4,384,208
852,2021-10-17,32,Peneira de Palha,2021-01-26,,,8,256,264
853,2021-04-08,14,Banco de Madeira de Tatu,2021-06-29,,1.0,4,56,82
854,2021-05-25,541,Arara Azul em Madeira,2021-05-08,1.0,1.0,7,3787,17
855,2021-06-23,254,Peneira de Palha,2021-09-14,,1.0,7,1778,83
856,2021-02-20,479,Beatas,2021-02-14,,1.0,4,1916,6
857,2021-04-08,1,Fruteira com 4 Carrancas,2021-10-18,,1.0,5,5,193
858,2021-12-16,330,Beatas,2021-02-23,1.0,,7,2310,296
859,2021-08-30,360,Assadeira de Barro,2021-07-29,,1.0,9,3240,32
860,2021-05-13,330,Arara Azul em Madeira,2021-10-22,,1.0,2,660,162
861,2021-10-08,32,Peneira de Palha,2021-01-30,,,5,160,251
862,2021-12-08,111,Almofada de Tricô,2021-03-19,1.0,,9,999,264
863,2021-04-24,86,Banco de Madeira de Onça,2021-02-27,1.0,1.0,5,430,56
864,2021-04-21,785,Banco de Madeira de Tatu,2021-02-06,,1.0,7,5495,74
865,2021-08-26,889,Banco de Madeira de Onça,2021-10-02,,1.0,5,4445,37
866,2021-11-07,935,Banco de Madeira de Tatu,2021-06-04,1.0,,1,935,156
867,2021-11-06,259,Almofada de Tricô,2021-05-27,1.0,,2,518,163
868,2021-03-15,224,Almofada de Tricô,2021-06-22,1.0,1.0,6,1344,99
869,2021-11-07,157,Assadeira de Barro,2021-06-28,,,1,157,132
870,2021-11-20,288,Assadeira de Barro,2021-02-14,1.0,,9,2592,279
871,2021-12-01,43,Banco de Madeira de Tatu,2021-03-07,,1.0,4,172,269
872,2021-07-14,0,Fruteira com 4 Carrancas,2021-12-02,1.0,1.0,3,0,141
873,2021-11-15,6,Arara Azul em Madeira,2021-03-26,,,4,24,234
874,2021-10-07,360,Assadeira de Barro,2021-07-27,1.0,1.0,6,2160,72
875,2021-09-05,839,Almofada de Tricô,2021-04-15,,1.0,4,3356,143
876,2021-11-04,188,Assadeira de Barro,2021-06-10,1.0,,1,188,147
877,2021-05-19,36,Beatas,2021-05-27,1.0,1.0,8,288,8
878,2021-06-08,394,Beatas,2021-04-25,,,8,3152,44
879,2021-08-12,7,Almofada de Tricô,2021-02-28,1.0,,7,49,165
880,2021-04-25,802,Peneira de Palha,2021-06-27,,,2,1604,63
881,2021-06-17,4,Almofada de Tricô,2021-04-28,1.0,,7,28,50
882,2021-03-19,197,Banco de Madeira de Onça,2021-04-03,1.0,,3,591,15
883,2021-03-08,88,Arara Azul em Madeira,2021-06-20,1.0,1.0,1,88,104
884,2021-05-14,270,Arara Azul em Madeira,2021-12-21,,,7,1890,221
885,2021-08-01,210,Almofada de Tricô,2021-03-21,1.0,1.0,5,1050,133
886,2021-11-10,48,Peneira de Palha,2021-11-21,1.0,1.0,7,336,11
887,2021-11-14,819,Assadeira de Barro,2021-07-27,,,6,4914,110
888,2021-12-10,35,Beatas,2021-06-11,,1.0,5,175,182
889,2021-01-26,9,Peneira de Palha,2021-03-16,,,4,36,49
890,2021-12-08,774,Beatas,2021-03-16,1.0,,9,6966,267
891,2021-12-30,546,Beatas,2021-03-07,1.0,1.0,6,3276,298
892,2021-06-06,77,Fruteira com 4 Carrancas,2021-08-18,1.0,,1,77,73
893,2021-02-28,304,Arara Azul em Madeira,2021-02-04,1.0,1.0,3,912,24
894,2021-01-24,11,Fruteira com 4 Carrancas,2021-03-02,1.0,,7,77,37
895,2021-03-27,23,Fruteira com 4 Carrancas,2021-12-29,,1.0,1,23,277
896,2021-12-12,991,Banco de Madeira de Tatu,2021-11-14,,,7,6937,28
897,2021-08-16,715,Banco de Madeira de Onça,2021-07-23,1.0,1.0,8,5720,24
898,2021-06-06,858,Beatas,2021-05-28,1.0,,2,1716,9
899,2021-11-29,961,Beatas,2021-04-29,1.0,,8,7688,214
900,2021-07-07,5,Assadeira de Barro,2021-06-16,,,1,5,21
901,2021-04-27,522,Cabeça em Cerâmica,2021-08-10,1.0,1.0,8,4176,105
902,2021-10-31,386,Cabeça em Cerâmica,2021-08-12,1.0,,7,2702,80
903,2021-03-25,60,Fruteira com 4 Carrancas,2021-02-09,1.0,,8,480,44
904,2021-01-06,332,Fruteira com 4 Carrancas,2021-04-22,,1.0,5,1660,106
905,2021-10-23,712,Peneira de Palha,2021-03-28,1.0,1.0,7,4984,209
906,2021-08-29,42,Peneira de Palha,2021-01-24,,,2,84,217
907,2021-01-31,5,Cabeça em Cerâmica,2021-05-10,1.0,,3,15,99
908,2021-11-21,204,Beatas,2021-01-14,1.0,1.0,1,204,311
909,2021-07-26,167,Almofada de Tricô,2021-04-30,1.0,,9,1503,87
910,2021-10-12,706,Cabeça em Cerâmica,2021-11-24,,1.0,6,4236,43
911,2021-01-30,454,Assadeira de Barro,2021-04-08,1.0,,6,2724,68
912,2021-12-12,0,Banco de Madeira de Onça,2021-12-21,,1.0,7,0,9
913,2021-07-19,329,Arara Azul em Madeira,2021-01-31,1.0,,9,2961,169
914,2021-02-15,101,Arara Azul em Madeira,2021-11-05,1.0,1.0,9,909,263
915,2021-10-18,67,Arara Azul em Madeira,2021-06-04,,1.0,8,536,136
916,2021-03-25,627,Cabeça em Cerâmica,2021-08-29,1.0,,3,1881,157
917,2021-05-22,640,Fruteira com 4 Carrancas,2021-04-18,,,7,4480,34
918,2021-03-13,373,Banco de Madeira de Tatu,2021-12-09,1.0,1.0,1,373,271
919,2021-01-08,0,Banco de Madeira de Onça,2021-04-28,1.0,1.0,6,0,110
920,2021-03-16,62,Peneira de Palha,2021-07-08,1.0,,3,186,114
921,2021-02-23,985,Assadeira de Barro,2021-01-05,1.0,,2,1970,49
922,2021-08-18,524,Assadeira de Barro,2021-12-27,1.0,1.0,4,2096,131
923,2021-07-05,308,Assadeira de Barro,2021-03-26,1.0,,6,1848,101
924,2021-05-15,723,Peneira de Palha,2021-11-20,,1.0,5,3615,189
925,2021-06-04,311,Fruteira com 4 Carrancas,2021-11-01,1.0,,2,622,150
926,2021-12-14,548,Beatas,2021-12-29,,,7,3836,15
927,2021-11-30,48,Banco de Madeira de Tatu,2021-08-25,,1.0,7,336,97
928,2021-05-23,3,Peneira de Palha,2021-05-19,,1.0,1,3,4
929,2021-07-07,490,Arara Azul em Madeira,2021-06-14,1.0,1.0,6,2940,23
930,2021-04-13,29,Peneira de Palha,2021-04-22,,,4,116,9
931,2021-10-30,82,Peneira de Palha,2021-07-20,,1.0,9,738,102
932,2021-09-08,636,Banco de Madeira de Tatu,2021-11-05,1.0,1.0,2,1272,58
933,2021-04-01,9,Almofada de Tricô,2021-03-01,1.0,1.0,9,81,31
934,2021-08-20,117,Assadeira de Barro,2021-11-04,1.0,,1,117,76
935,2021-05-30,4,Assadeira de Barro,2021-02-04,1.0,1.0,7,28,115
936,2021-11-08,80,Arara Azul em Madeira,2021-07-06,1.0,1.0,1,80,125
937,2021-04-27,198,Fruteira com 4 Carrancas,2021-04-03,,1.0,7,1386,24
938,2021-01-27,997,Peneira de Palha,2021-04-26,1.0,,5,4985,89
939,2021-05-10,390,Cabeça em Cerâmica,2021-11-06,,1.0,4,1560,180
940,2021-09-01,229,Cabeça em Cerâmica,2021-02-21,,,2,458,192
941,2021-12-07,37,Arara Azul em Madeira,2021-02-17,,1.0,4,148,293
942,2021-07-25,517,Arara Azul em Madeira,2021-08-05,1.0,,6,3102,11
943,2021-11-12,225,Assadeira de Barro,2021-04-13,1.0,1.0,8,1800,213
944,2021-03-22,543,Almofada de Tricô,2021-05-17,,1.0,6,3258,56
945,2021-06-02,505,Peneira de Palha,2021-07-11,1.0,,5,2525,39
946,2021-09-08,37,Peneira de Palha,2021-11-16,,,3,111,69
947,2021-03-22,638,Arara Azul em Madeira,2021-02-01,,,3,1914,49
948,2021-12-13,6,Beatas,2021-07-30,1.0,,7,42,136
949,2021-05-04,605,Arara Azul em Madeira,2021-01-17,1.0,,6,3630,107
950,2021-06-26,425,Banco de Madeira de Tatu,2021-03-15,,1.0,7,2975,103
951,2021-07-14,231,Banco de Madeira de Tatu,2021-01-25,1.0,1.0,7,1617,170
952,2021-12-30,1,Arara Azul em Madeira,2021-07-10,1.0,,1,1,173
953,2021-08-16,804,Beatas,2021-10-15,1.0,1.0,1,804,60
954,2021-04-12,166,Banco de Madeira de Onça,2021-09-10,1.0,,9,1494,151
955,2021-03-05,638,Fruteira com 4 Carrancas,2021-06-25,,1.0,9,5742,112
956,2021-04-23,72,Peneira de Palha,2021-11-04,,,8,576,195
957,2021-10-28,1,Peneira de Palha,2021-01-09,,,9,9,292
958,2021-01-18,871,Beatas,2021-01-27,,,6,5226,9
959,2021-07-10,348,Almofada de Tricô,2021-02-14,,,9,3132,146
960,2021-01-07,836,Banco de Madeira de Onça,2021-07-24,,1.0,1,836,198
961,2021-04-16,329,Banco de Madeira de Onça,2021-01-18,1.0,,1,329,88
962,2021-05-10,303,Banco de Madeira de Tatu,2021-07-02,1.0,1.0,7,2121,53
963,2021-01-01,127,Banco de Madeira de Tatu,2021-06-21,1.0,,7,889,171
964,2021-03-16,306,Peneira de Palha,2021-12-24,,,4,1224,283
965,2021-11-11,180,Almofada de Tricô,2021-03-01,,,1,180,255
966,2021-05-04,382,Banco de Madeira de Tatu,2021-01-20,1.0,1.0,7,2674,104
967,2021-02-24,651,Fruteira com 4 Carrancas,2021-08-01,,1.0,3,1953,158
968,2021-04-02,178,Banco de Madeira de Tatu,2021-11-09,,1.0,7,1246,221
969,2021-04-16,839,Arara Azul em Madeira,2021-10-17,,,5,4195,184
970,2021-01-27,680,Peneira de Palha,2021-09-30,1.0,1.0,6,4080,246
971,2021-04-09,104,Peneira de Palha,2021-09-13,,1.0,2,208,157
972,2021-10-01,12,Cabeça em Cerâmica,2021-10-28,1.0,1.0,5,60,27
973,2021-11-06,123,Peneira de Palha,2021-01-22,,,8,984,288
974,2021-03-27,4,Fruteira com 4 Carrancas,2021-12-22,,,7,28,270
975,2021-02-08,287,Almofada de Tricô,2021-09-12,1.0,1.0,6,1722,216
976,2021-05-06,631,Cabeça em Cerâmica,2021-03-19,,1.0,1,631,48
977,2021-08-23,500,Peneira de Palha,2021-08-22,1.0,,9,4500,1
978,2021-11-09,372,Beatas,2021-05-03,1.0,,7,2604,190
979,2021-04-28,288,Beatas,2021-12-12,,1.0,1,288,228
980,2021-02-02,744,Arara Azul em Madeira,2021-02-27,,,1,744,25
981,2021-05-12,136,Banco de Madeira de Tatu,2021-09-23,1.0,,1,136,134
982,2021-11-04,32,Banco de Madeira de Onça,2021-03-02,,,8,256,247
983,2021-03-21,827,Beatas,2021-07-12,,,6,4962,113
984,2021-03-11,316,Arara Azul em Madeira,2021-12-02,,1.0,1,316,266
985,2021-10-03,325,Arara Azul em Madeira,2021-10-25,1.0,1.0,2,650,22
986,2021-09-11,4,Almofada de Tricô,2021-11-02,,,2,8,52
987,2021-10-14,865,Arara Azul em Madeira,2021-07-07,,1.0,7,6055,99
988,2021-04-23,4,Fruteira com 4 Carrancas,2021-07-11,1.0,,9,36,79
989,2021-01-03,9,Banco de Madeira de Tatu,2021-05-26,,,4,36,143
990,2021-09-09,719,Banco de Madeira de Onça,2021-09-17,1.0,1.0,3,2157,8
991,2021-08-11,725,Almofada de Tricô,2021-01-14,,,1,725,209
992,2021-04-05,872,Almofada de Tricô,2021-02-26,,1.0,7,6104,38
993,2021-10-17,90,Almofada de Tricô,2021-06-23,1.0,1.0,2,180,116
994,2021-07-10,780,Banco de Madeira de Onça,2021-11-13,,,4,3120,126
995,2021-01-05,781,Banco de Madeira de Tatu,2021-10-12,,1.0,1,781,280
996,2021-04-26,29,Banco de Madeira de Onça,2021-11-21,1.0,,7,203,209
997,2021-05-01,846,Cabeça em Cerâmica,2021-06-28,1.0,1.0,1,846,58
998,2021-09-13,670,Cabeça em Cerâmica,2021-09-01,1.0,1.0,1,670,12
999,2021-10-22,187,Arara Azul em Madeira,2021-11-27,,,4,748,36
